"id","name","email","phone","status","job_id","application_date"
"1","Ali","ali@email.com","0123456789","Pending","1","2026-02-24 18:28:41"
"2","Siti","siti@email.com","0134567890","Shortlisted","1","2026-02-24 18:28:41"
"3","Lee","lee@email.com","011158664","Pending","2","2026-02-24 18:40:38"
"4","Alan","alan@email.com","0132459617","Shortlisted","3","2026-02-24 18:40:38"
"job_id","job_title","department"
"1","Software Engineer","IT"
"2","Project Manager","Operations"
"3","Data Analyst","IT"
"4","Accountant","Finance"
